full_name,sentence_name,abridged_name,annex_name,World,SDG.region,GEMR.region,UIS.region,SDG.subregion,GEMR.subregion,UIS.subregion,income_group,income_subgroup,iso2c,iso3n,iso3c,oecd.crs.recipientcode
the Islamic Republic of Afghanistan,Afghanistan,Afghanistan,Afghanistan,World,Central and Southern Asia,Southern Asia,South and West Asia,Southern Asia,NA,NA,Low,NA,AF,4,AFG,625
the Republic of Albania,Albania,Albania,Albania,World,Europe and Northern America,Europe and Northern America,Central and Eastern Europe,Europe,Europe,NA,Middle,Upper middle,AL,8,ALB,71
the People's Democratic Republic of Algeria,Algeria,Algeria,Algeria,World,Northern Africa and Western Asia,Northern Africa and Western Asia,Arab States,Northern Africa,Northern Africa,NA,Middle,Upper middle,DZ,12,DZA,130
the Principality of Andorra,Andorra,Andorra,Andorra,World,Europe and Northern America,Europe and Northern America,North America and Western Europe,Europe,Europe,NA,High,NA,AD,20,AND,NA
the Republic of Angola,Angola,Angola,Angola,World,Sub-Saharan Africa,Sub-Saharan Africa,Sub-Saharan Africa,NA,NA,NA,Middle,Lower middle,AO,24,AGO,225
Anguilla,Anguilla,Anguilla,Anguilla,World,Latin America and the Caribbean,Latin America and the Caribbean,Latin America and the Caribbean,Caribbean,Caribbean,NA,NA,NA,AI,660,AIA,NA
Antigua and Barbuda,Antigua and Barbuda,Antigua/Barbuda,Antigua and Barbuda,World,Latin America and the Caribbean,Latin America and the Caribbean,Latin America and the Caribbean,Caribbean,Caribbean,NA,High,NA,AG,28,ATG,377
the Argentine Republic,Argentina,Argentina,Argentina,World,Latin America and the Caribbean,Latin America and the Caribbean,Latin America and the Caribbean,South America,Latin America,NA,Middle,Upper middle,AR,32,ARG,425
the Republic of Armenia,Armenia,Armenia,Armenia,World,Northern Africa and Western Asia,Caucasus and Central Asia,Central Asia,Western Asia,NA,NA,Middle,Upper middle,AM,51,ARM,610
Aruba,Aruba,Aruba,Aruba,World,Latin America and the Caribbean,Latin America and the Caribbean,Latin America and the Caribbean,Caribbean,Caribbean,NA,High,NA,AW,533,ABW,NA
Australia,Australia,Australia,Australia,World,Oceania,Pacific,East Asia and the Pacific,NA,NA,NA,High,NA,AU,36,AUS,NA
the Republic of Austria,Austria,Austria,Austria,World,Europe and Northern America,Europe and Northern America,North America and Western Europe,Europe,Europe,NA,High,NA,AT,40,AUT,NA
the Republic of Azerbaijan,Azerbaijan,Azerbaijan,Azerbaijan,World,Northern Africa and Western Asia,Caucasus and Central Asia,Central Asia,Western Asia,NA,NA,Middle,Upper middle,AZ,31,AZE,611
the Commonwealth of the Bahamas,the Bahamas,Bahamas,Bahamas,World,Latin America and the Caribbean,Latin America and the Caribbean,Latin America and the Caribbean,Caribbean,Caribbean,NA,High,NA,BS,44,BHS,NA
the Kingdom of Bahrain,Bahrain,Bahrain,Bahrain,World,Northern Africa and Western Asia,Northern Africa and Western Asia,Arab States,Western Asia,Western Asia,NA,High,NA,BH,48,BHR,NA
the People's Republic of Bangladesh,Bangladesh,Bangladesh,Bangladesh,World,Central and Southern Asia,Southern Asia,South and West Asia,Southern Asia,NA,NA,Middle,Lower middle,BD,50,BGD,666
Barbados,Barbados,Barbados,Barbados,World,Latin America and the Caribbean,Latin America and the Caribbean,Latin America and the Caribbean,Caribbean,Caribbean,NA,High,NA,BB,52,BRB,NA
the Republic of Belarus,Belarus,Belarus,Belarus,World,Europe and Northern America,Europe and Northern America,Central and Eastern Europe,Europe,Europe,NA,Middle,Upper middle,BY,112,BLR,86
the Kingdom of Belgium,Belgium,Belgium,Belgium,World,Europe and Northern America,Europe and Northern America,North America and Western Europe,Europe,Europe,NA,High,NA,BE,56,BEL,NA
Belize,Belize,Belize,Belize,World,Latin America and the Caribbean,Latin America and the Caribbean,Latin America and the Caribbean,Central America,Latin America,NA,Middle,Upper middle,BZ,84,BLZ,352
the Republic of Benin,Benin,Benin,Benin,World,Sub-Saharan Africa,Sub-Saharan Africa,Sub-Saharan Africa,NA,NA,NA,Low,NA,BJ,204,BEN,236
the Bermudas,Bermuda,Bermuda,Bermuda,World,Europe and Northern America,Latin America and the Caribbean,Latin America and the Caribbean,Northern America,Caribbean,NA,High,NA,BM,60,BMU,NA
the Kingdom of Bhutan,Bhutan,Bhutan,Bhutan,World,Central and Southern Asia,Southern Asia,South and West Asia,Southern Asia,NA,NA,Middle,Lower middle,BT,64,BTN,630
Plurinational State of Bolivia,the Plurinational State of Bolivia,Bolivia,"Bolivia, P. S.",World,Latin America and the Caribbean,Latin America and the Caribbean,Latin America and the Caribbean,South America,Latin America,NA,Middle,Lower middle,BO,68,BOL,428
Bosnia and Herzegovina,Bosnia and Herzegovina,Bosnia/Herzeg.,Bosnia and Herzegovina,World,Europe and Northern America,Europe and Northern America,Central and Eastern Europe,Europe,Europe,NA,Middle,Upper middle,BA,70,BIH,64
the Republic of Botswana,Botswana,Botswana,Botswana,World,Sub-Saharan Africa,Sub-Saharan Africa,Sub-Saharan Africa,NA,NA,NA,Middle,Upper middle,BW,72,BWA,227
the Federative Republic of Brazil,Brazil,Brazil,Brazil,World,Latin America and the Caribbean,Latin America and the Caribbean,Latin America and the Caribbean,South America,Latin America,NA,Middle,Upper middle,BR,76,BRA,431
the British Virgin Islands,the British Virgin Islands,Br. Virgin Is,British Virgin Islands,World,Latin America and the Caribbean,Latin America and the Caribbean,Latin America and the Caribbean,Caribbean,Caribbean,NA,High,NA,VG,92,VGB,NA
Brunei Darussalam,Brunei Darussalam,Brunei Daruss.,Brunei Darussalam,World,Eastern and South-eastern Asia,Eastern and South-eastern Asia,East Asia and the Pacific,South-eastern Asia,South-eastern Asia,NA,High,NA,BN,96,BRN,NA
the Republic of Bulgaria,Bulgaria,Bulgaria,Bulgaria,World,Europe and Northern America,Europe and Northern America,Central and Eastern Europe,Europe,Europe,NA,Middle,Upper middle,BG,100,BGR,NA
Burkina Faso,Burkina Faso,Burkina Faso,Burkina Faso,World,Sub-Saharan Africa,Sub-Saharan Africa,Sub-Saharan Africa,NA,NA,NA,Low,NA,BF,854,BFA,287
the Republic of Burundi,Burundi,Burundi,Burundi,World,Sub-Saharan Africa,Sub-Saharan Africa,Sub-Saharan Africa,NA,NA,NA,Low,NA,BI,108,BDI,228
the Republic of Cabo Verde,Cabo Verde,Cabo Verde,Cabo Verde,World,Sub-Saharan Africa,Sub-Saharan Africa,Sub-Saharan Africa,NA,NA,NA,Middle,Lower middle,CV,132,CPV,230
the Kingdom of Cambodia,Cambodia,Cambodia,Cambodia,World,Eastern and South-eastern Asia,Eastern and South-eastern Asia,East Asia and the Pacific,South-eastern Asia,South-eastern Asia,NA,Middle,Lower middle,KH,116,KHM,728
the Republic of Cameroon,Cameroon,Cameroon,Cameroon,World,Sub-Saharan Africa,Sub-Saharan Africa,Sub-Saharan Africa,NA,NA,NA,Middle,Lower middle,CM,120,CMR,229
Canada,Canada,Canada,Canada,World,Europe and Northern America,Europe and Northern America,North America and Western Europe,Northern America,Northern America,NA,High,NA,CA,124,CAN,NA
Cayman Islands (the),Cayman Islands,Cayman Is,Cayman Islands,World,Latin America and the Caribbean,Latin America and the Caribbean,Latin America and the Caribbean,Caribbean,Caribbean,NA,High,NA,KY,136,CYM,NA
Central African Republic (the),Central African Republic,C. A. R.,Central African Republic,World,Sub-Saharan Africa,Sub-Saharan Africa,Sub-Saharan Africa,NA,NA,NA,Low,NA,CF,140,CAF,231
the Republic of Chad,Chad,Chad,Chad,World,Sub-Saharan Africa,Sub-Saharan Africa,Sub-Saharan Africa,NA,NA,NA,Low,NA,TD,148,TCD,232
the Republic of Chile,Chile,Chile,Chile,World,Latin America and the Caribbean,Latin America and the Caribbean,Latin America and the Caribbean,South America,Latin America,NA,High,NA,CL,152,CHL,434
the People's Republic of China,China,China,China,World,Eastern and South-eastern Asia,Eastern and South-eastern Asia,East Asia and the Pacific,Eastern Asia,Eastern Asia,NA,Middle,Upper middle,CN,156,CHN,730
the Republic of Colombia,Colombia,Colombia,Colombia,World,Latin America and the Caribbean,Latin America and the Caribbean,Latin America and the Caribbean,South America,Latin America,NA,Middle,Upper middle,CO,170,COL,437
Union of the Comoros,Comoros,Comoros,Comoros,World,Sub-Saharan Africa,Sub-Saharan Africa,Sub-Saharan Africa,NA,NA,NA,Middle,Lower middle,KM,174,COM,233
the Republic of the Congo,Congo,Congo,Congo,World,Sub-Saharan Africa,Sub-Saharan Africa,Sub-Saharan Africa,NA,NA,NA,Middle,Lower middle,CG,178,COG,234
the Cook Islands ,the Cook Islands,Cook Islands,Cook Islands,World,Oceania,Pacific,East Asia and the Pacific,NA,NA,NA,NA,NA,CK,184,COK,831
the Republic of Costa Rica,Costa Rica,Costa Rica,Costa Rica,World,Latin America and the Caribbean,Latin America and the Caribbean,Latin America and the Caribbean,Central America,Latin America,NA,Middle,Upper middle,CR,188,CRI,336
The Republic of Côte d'Ivoire,Côte d'Ivoire,Côte d'Ivoire,Côte d'Ivoire,World,Sub-Saharan Africa,Sub-Saharan Africa,Sub-Saharan Africa,NA,NA,NA,Middle,Lower middle,CI,384,CIV,247
the Republic of Croatia,Croatia,Croatia,Croatia,World,Europe and Northern America,Europe and Northern America,Central and Eastern Europe,Europe,Europe,NA,High,NA,HR,191,HRV,NA
the Republic of Cuba,Cuba,Cuba,Cuba,World,Latin America and the Caribbean,Latin America and the Caribbean,Latin America and the Caribbean,Caribbean,Caribbean,NA,Middle,Upper middle,CU,192,CUB,338
Curaçao,Curaçao,Curaçao,Curaçao,World,Latin America and the Caribbean,Latin America and the Caribbean,Latin America and the Caribbean,Caribbean,Caribbean,NA,High,NA,CW,531,CUW,NA
the Republic of Cyprus,Cyprus,Cyprus,Cyprus,World,Northern Africa and Western Asia,Europe and Northern America,North America and Western Europe,Western Asia,Europe,NA,High,NA,CY,196,CYP,NA
the Czech Republic,the Czech Republic,Czechia,Czechia,World,Europe and Northern America,Europe and Northern America,Central and Eastern Europe,Europe,Europe,NA,High,NA,CZ,203,CZE,NA
the Democratic Republic of the Congo,the Democratic Republic of the Congo,D. R. Congo,D. R. Congo,World,Sub-Saharan Africa,Sub-Saharan Africa,Sub-Saharan Africa,NA,NA,NA,Low,NA,CD,180,COD,235
the Kingdom of Denmark,Denmark,Denmark,Denmark,World,Europe and Northern America,Europe and Northern America,North America and Western Europe,Europe,Europe,NA,High,NA,DK,208,DNK,NA
the Republic of Djibouti,Djibouti,Djibouti,Djibouti,World,Sub-Saharan Africa,Sub-Saharan Africa,Arab States,NA,NA,NA,Middle,Lower middle,DJ,262,DJI,274
the Commonwealth of Dominica,Dominica,Dominica,Dominica,World,Latin America and the Caribbean,Latin America and the Caribbean,Latin America and the Caribbean,Caribbean,Caribbean,NA,Middle,Upper middle,DM,212,DMA,378
the Dominican Republic,the Dominican Republic,Dominican Rep.,Dominican Republic,World,Latin America and the Caribbean,Latin America and the Caribbean,Latin America and the Caribbean,Caribbean,Caribbean,NA,Middle,Upper middle,DO,214,DOM,340
Democratic People's Republic of Korea,the Democratic People's Republic of Korea,DPR Korea,DPR Korea,World,Eastern and South-eastern Asia,Eastern and South-eastern Asia,East Asia and the Pacific,Eastern Asia,Eastern Asia,NA,Low,NA,KP,408,PRK,740
the Republic of Ecuador,Ecuador,Ecuador,Ecuador,World,Latin America and the Caribbean,Latin America and the Caribbean,Latin America and the Caribbean,South America,Latin America,NA,Middle,Upper middle,EC,218,ECU,440
the Arab Republic of Egypt,Egypt,Egypt,Egypt,World,Northern Africa and Western Asia,Northern Africa and Western Asia,Arab States,Northern Africa,Northern Africa,NA,Middle,Lower middle,EG,818,EGY,142
the Republic of El Salvador,El Salvador,El Salvador,El Salvador,World,Latin America and the Caribbean,Latin America and the Caribbean,Latin America and the Caribbean,Central America,Latin America,NA,Middle,Lower middle,SV,222,SLV,342
the Republic of Equatorial Guinea,Equatorial Guinea,Equat. Guinea,Equat. Guinea,World,Sub-Saharan Africa,Sub-Saharan Africa,Sub-Saharan Africa,NA,NA,NA,Middle,Upper middle,GQ,226,GNQ,245
Eritrea,Eritrea,Eritrea,Eritrea,World,Sub-Saharan Africa,Sub-Saharan Africa,Sub-Saharan Africa,NA,NA,NA,Low,NA,ER,232,ERI,271
the Republic of Estonia,Estonia,Estonia,Estonia,World,Europe and Northern America,Europe and Northern America,Central and Eastern Europe,Europe,Europe,NA,High,NA,EE,233,EST,NA
the Federal Democratic Republic of Ethiopia,Ethiopia,Ethiopia,Ethiopia,World,Sub-Saharan Africa,Sub-Saharan Africa,Sub-Saharan Africa,NA,NA,NA,Low,NA,ET,231,ETH,238
the Republic of the Fiji Islands,Fiji,Fiji,Fiji,World,Oceania,Pacific,East Asia and the Pacific,NA,NA,NA,Middle,Upper middle,FJ,242,FJI,832
the Republic of Finland,Finland,Finland,Finland,World,Europe and Northern America,Europe and Northern America,North America and Western Europe,Europe,Europe,NA,High,NA,FI,246,FIN,NA
the French Republic,France,France,France,World,Europe and Northern America,Europe and Northern America,North America and Western Europe,Europe,Europe,NA,High,NA,FR,250,FRA,NA
the Gabonese Republic,Gabon,Gabon,Gabon,World,Sub-Saharan Africa,Sub-Saharan Africa,Sub-Saharan Africa,NA,NA,NA,Middle,Upper middle,GA,266,GAB,239
the Republic of the Gambia,the Gambia,Gambia,Gambia,World,Sub-Saharan Africa,Sub-Saharan Africa,Sub-Saharan Africa,NA,NA,NA,Low,NA,GM,270,GMB,240
Georgia,Georgia,Georgia,Georgia,World,Northern Africa and Western Asia,Caucasus and Central Asia,Central Asia,Western Asia,NA,NA,Middle,Upper middle,GE,268,GEO,612
the Federal Republic of Germany,Germany,Germany,Germany,World,Europe and Northern America,Europe and Northern America,North America and Western Europe,Europe,Europe,NA,High,NA,DE,276,DEU,NA
the Republic of Ghana,Ghana,Ghana,Ghana,World,Sub-Saharan Africa,Sub-Saharan Africa,Sub-Saharan Africa,NA,NA,NA,Middle,Lower middle,GH,288,GHA,241
the Hellenic Republic,Greece,Greece,Greece,World,Europe and Northern America,Europe and Northern America,North America and Western Europe,Europe,Europe,NA,High,NA,GR,300,GRC,NA
Grenada,Grenada,Grenada,Grenada,World,Latin America and the Caribbean,Latin America and the Caribbean,Latin America and the Caribbean,Caribbean,Caribbean,NA,Middle,Upper middle,GD,308,GRD,381
the Republic of Guatemala,Guatemala,Guatemala,Guatemala,World,Latin America and the Caribbean,Latin America and the Caribbean,Latin America and the Caribbean,Central America,Latin America,NA,Middle,Upper middle,GT,320,GTM,347
the Republic of Guinea,Guinea,Guinea,Guinea,World,Sub-Saharan Africa,Sub-Saharan Africa,Sub-Saharan Africa,NA,NA,NA,Low,NA,GN,324,GIN,243
the Republic of Guinea-Bissau,Guinea-Bissau,Guinea-Bissau,Guinea-Bissau,World,Sub-Saharan Africa,Sub-Saharan Africa,Sub-Saharan Africa,NA,NA,NA,Low,NA,GW,624,GNB,244
the Cooperative Republic of Guyana,Guyana,Guyana,Guyana,World,Latin America and the Caribbean,Latin America and the Caribbean,Latin America and the Caribbean,South America,Latin America,NA,Middle,Upper middle,GY,328,GUY,446
the Republic of Haiti,Haiti,Haiti,Haiti,World,Latin America and the Caribbean,Latin America and the Caribbean,Latin America and the Caribbean,Caribbean,Caribbean,NA,Low,NA,HT,332,HTI,349
the Republic of Honduras,Honduras,Honduras,Honduras,World,Latin America and the Caribbean,Latin America and the Caribbean,Latin America and the Caribbean,Central America,Latin America,NA,Middle,Lower middle,HN,340,HND,351
Hong Kong Special Administrative Region (of the People's Republic of China),"Hong Kong, China","Hong Kong, China","Hong Kong, China",World,Eastern and South-eastern Asia,Eastern and South-eastern Asia,East Asia and the Pacific,Eastern Asia,Eastern Asia,NA,High,NA,HK,344,HKG,NA
Hungary,Hungary,Hungary,Hungary,World,Europe and Northern America,Europe and Northern America,Central and Eastern Europe,Europe,Europe,NA,High,NA,HU,348,HUN,NA
the Republic of Iceland,Iceland,Iceland,Iceland,World,Europe and Northern America,Europe and Northern America,North America and Western Europe,Europe,Europe,NA,High,NA,IS,352,ISL,NA
the Republic of India,India,India,India,World,Central and Southern Asia,Southern Asia,South and West Asia,Southern Asia,NA,NA,Middle,Lower middle,IN,356,IND,645
the Republic of Indonesia,Indonesia,Indonesia,Indonesia,World,Eastern and South-eastern Asia,Eastern and South-eastern Asia,East Asia and the Pacific,South-eastern Asia,South-eastern Asia,NA,Middle,Lower middle,ID,360,IDN,738
the Islamic Republic of Iran,"Iran, Islamic Republic of","Iran, Isl. Rep.","Iran, Islamic Republic of",World,Central and Southern Asia,Southern Asia,South and West Asia,Southern Asia,NA,NA,Middle,Upper middle,IR,364,IRN,540
the Republic of Iraq,Iraq,Iraq,Iraq,World,Northern Africa and Western Asia,Northern Africa and Western Asia,Arab States,Western Asia,Western Asia,NA,Middle,Upper middle,IQ,368,IRQ,543
Ireland,Ireland,Ireland,Ireland,World,Europe and Northern America,Europe and Northern America,North America and Western Europe,Europe,Europe,NA,High,NA,IE,372,IRL,NA
the State of Israel,Israel,Israel,Israel,World,Northern Africa and Western Asia,Northern Africa and Western Asia,North America and Western Europe,Western Asia,Western Asia,NA,High,NA,IL,376,ISR,NA
the Italian Republic,Italy,Italy,Italy,World,Europe and Northern America,Europe and Northern America,North America and Western Europe,Europe,Europe,NA,High,NA,IT,380,ITA,NA
Jamaica,Jamaica,Jamaica,Jamaica,World,Latin America and the Caribbean,Latin America and the Caribbean,Latin America and the Caribbean,Caribbean,Caribbean,NA,Middle,Upper middle,JM,388,JAM,354
Japan,Japan,Japan,Japan,World,Eastern and South-eastern Asia,Eastern and South-eastern Asia,East Asia and the Pacific,Eastern Asia,Eastern Asia,NA,High,NA,JP,392,JPN,NA
the Hashemite Kingdom of Jordan,Jordan,Jordan,Jordan,World,Northern Africa and Western Asia,Northern Africa and Western Asia,Arab States,Western Asia,Western Asia,NA,Middle,Upper middle,JO,400,JOR,549
the Republic of Kazakhstan,Kazakhstan,Kazakhstan,Kazakhstan,World,Central and Southern Asia,Caucasus and Central Asia,Central Asia,Central Asia,NA,NA,Middle,Upper middle,KZ,398,KAZ,613
the Republic of Kenya,Kenya,Kenya,Kenya,World,Sub-Saharan Africa,Sub-Saharan Africa,Sub-Saharan Africa,NA,NA,NA,Middle,Lower middle,KE,404,KEN,248
the Kingdom of Eswatini,the Kingdom of Eswatini,Eswatini,Eswatini,World,Sub-Saharan Africa,Sub-Saharan Africa,Sub-Saharan Africa,NA,NA,NA,Middle,Lower middle,SZ,748,SWZ,280
the Republic of Kiribati,Kiribati,Kiribati,Kiribati,World,Oceania,Pacific,East Asia and the Pacific,NA,NA,NA,Middle,Lower middle,KI,296,KIR,836
the State of Kuwait,Kuwait,Kuwait,Kuwait,World,Northern Africa and Western Asia,Northern Africa and Western Asia,Arab States,Western Asia,Western Asia,NA,High,NA,KW,414,KWT,NA
the Kyrgyz Republic,Kyrgyzstan,Kyrgyzstan,Kyrgyzstan,World,Central and Southern Asia,Caucasus and Central Asia,Central Asia,Central Asia,NA,NA,Middle,Lower middle,KG,417,KGZ,614
Lao People's Democratic Republic,the Lao People's Democratic Republic,Lao PDR,Lao PDR,World,Eastern and South-eastern Asia,Eastern and South-eastern Asia,East Asia and the Pacific,South-eastern Asia,South-eastern Asia,NA,Middle,Lower middle,LA,418,LAO,745
the Republic of Latvia,Latvia,Latvia,Latvia,World,Europe and Northern America,Europe and Northern America,Central and Eastern Europe,Europe,Europe,NA,High,NA,LV,428,LVA,NA
the Lebanese Republic,Lebanon,Lebanon,Lebanon,World,Northern Africa and Western Asia,Northern Africa and Western Asia,Arab States,Western Asia,Western Asia,NA,Middle,Upper middle,LB,422,LBN,555
the Kingdom of Lesotho,Lesotho,Lesotho,Lesotho,World,Sub-Saharan Africa,Sub-Saharan Africa,Sub-Saharan Africa,NA,NA,NA,Middle,Lower middle,LS,426,LSO,249
the Republic of Liberia,Liberia,Liberia,Liberia,World,Sub-Saharan Africa,Sub-Saharan Africa,Sub-Saharan Africa,NA,NA,NA,Low,NA,LR,430,LBR,251
Libya,Libya,Libya,Libya,World,Northern Africa and Western Asia,Northern Africa and Western Asia,Arab States,Northern Africa,Northern Africa,NA,Middle,Upper middle,LY,434,LBY,133
the Principality of Liechtenstein,Liechtenstein,Liechtenstein,Liechtenstein,World,Europe and Northern America,Europe and Northern America,North America and Western Europe,Europe,Europe,NA,High,NA,LI,438,LIE,NA
the Republic of Lithuania,Lithuania,Lithuania,Lithuania,World,Europe and Northern America,Europe and Northern America,Central and Eastern Europe,Europe,Europe,NA,High,NA,LT,440,LTU,NA
the Grand Duchy of Luxembourg,Luxembourg,Luxembourg,Luxembourg,World,Europe and Northern America,Europe and Northern America,North America and Western Europe,Europe,Europe,NA,High,NA,LU,442,LUX,NA
Macao Special Administrative Region (of the People's Republic of China),"Macao, China","Macao, China","Macao, China",World,Eastern and South-eastern Asia,Eastern and South-eastern Asia,East Asia and the Pacific,Eastern Asia,Eastern Asia,NA,High,NA,MO,446,MAC,NA
the Republic of Madagascar,Madagascar,Madagascar,Madagascar,World,Sub-Saharan Africa,Sub-Saharan Africa,Sub-Saharan Africa,NA,NA,NA,Low,NA,MG,450,MDG,252
the Republic of Malawi,Malawi,Malawi,Malawi,World,Sub-Saharan Africa,Sub-Saharan Africa,Sub-Saharan Africa,NA,NA,NA,Low,NA,MW,454,MWI,253
Malaysia,Malaysia,Malaysia,Malaysia,World,Eastern and South-eastern Asia,Eastern and South-eastern Asia,East Asia and the Pacific,South-eastern Asia,South-eastern Asia,NA,Middle,Upper middle,MY,458,MYS,751
the Republic of Maldives,Maldives,Maldives,Maldives,World,Central and Southern Asia,Southern Asia,South and West Asia,Southern Asia,NA,NA,Middle,Upper middle,MV,462,MDV,655
the Republic of Mali,Mali,Mali,Mali,World,Sub-Saharan Africa,Sub-Saharan Africa,Sub-Saharan Africa,NA,NA,NA,Low,NA,ML,466,MLI,255
the Republic of Malta,Malta,Malta,Malta,World,Europe and Northern America,Europe and Northern America,North America and Western Europe,Europe,Europe,NA,High,NA,MT,470,MLT,NA
the Republic of the Marshall Islands,the Marshall Islands,Marshall Is,Marshall Islands,World,Oceania,Pacific,East Asia and the Pacific,NA,NA,NA,Middle,Upper middle,MH,584,MHL,859
the Islamic Republic of Mauritania,Mauritania,Mauritania,Mauritania,World,Sub-Saharan Africa,Sub-Saharan Africa,Arab States,NA,NA,NA,Middle,Lower middle,MR,478,MRT,256
the Republic of Mauritius,Mauritius,Mauritius,Mauritius,World,Sub-Saharan Africa,Sub-Saharan Africa,Sub-Saharan Africa,NA,NA,NA,Middle,Upper middle,MU,480,MUS,257
the United Mexican States,Mexico,Mexico,Mexico,World,Latin America and the Caribbean,Latin America and the Caribbean,Latin America and the Caribbean,Central America,Latin America,NA,Middle,Upper middle,MX,484,MEX,358
the Federated States of Micronesia,Micronesia (Federated States of),"Micronesia, F. S.","Micronesia, F. S.",World,Oceania,Pacific,East Asia and the Pacific,NA,NA,NA,Middle,Lower middle,FM,583,FSM,860
the Principality of Monaco,Monaco,Monaco,Monaco,World,Europe and Northern America,Europe and Northern America,North America and Western Europe,Europe,Europe,NA,High,NA,MC,492,MCO,NA
Mongolia,Mongolia,Mongolia,Mongolia,World,Eastern and South-eastern Asia,Eastern and South-eastern Asia,Central Asia,Eastern Asia,Eastern Asia,NA,Middle,Lower middle,MN,496,MNG,753
Montenegro,Montenegro,Montenegro,Montenegro,World,Europe and Northern America,Europe and Northern America,Central and Eastern Europe,Europe,Europe,NA,Middle,Upper middle,ME,499,MNE,65
Montserrat,Montserrat,Montserrat,Montserrat,World,Latin America and the Caribbean,Latin America and the Caribbean,Latin America and the Caribbean,Caribbean,Caribbean,NA,NA,NA,MS,500,MSR,385
the Kingdom of Morocco,Morocco,Morocco,Morocco,World,Northern Africa and Western Asia,Northern Africa and Western Asia,Arab States,Northern Africa,Northern Africa,NA,Middle,Lower middle,MA,504,MAR,136
the Republic of Mozambique,Mozambique,Mozambique,Mozambique,World,Sub-Saharan Africa,Sub-Saharan Africa,Sub-Saharan Africa,NA,NA,NA,Low,NA,MZ,508,MOZ,259
the Republic of the Union of Myanmar,Myanmar,Myanmar,Myanmar,World,Eastern and South-eastern Asia,Eastern and South-eastern Asia,East Asia and the Pacific,South-eastern Asia,South-eastern Asia,NA,Middle,Lower middle,MM,104,MMR,635
the Republic of Namibia,Namibia,Namibia,Namibia,World,Sub-Saharan Africa,Sub-Saharan Africa,Sub-Saharan Africa,NA,NA,NA,Middle,Upper middle,NA,516,NAM,275
the Republic of Nauru,Nauru,Nauru,Nauru,World,Oceania,Pacific,East Asia and the Pacific,NA,NA,NA,Middle,Upper middle,NR,520,NRU,845
the Federal Democratic Republic of Nepal,Nepal,Nepal,Nepal,World,Central and Southern Asia,Southern Asia,South and West Asia,Southern Asia,NA,NA,Low,NA,NP,524,NPL,660
the Kingdom of the Netherlands,the Netherlands,Netherlands,Netherlands,World,Europe and Northern America,Europe and Northern America,North America and Western Europe,Europe,Europe,NA,High,NA,NL,528,NLD,NA
New Zealand,New Zealand,New Zealand,New Zealand,World,Oceania,Pacific,East Asia and the Pacific,NA,NA,NA,High,NA,NZ,554,NZL,NA
the Republic of Nicaragua,Nicaragua,Nicaragua,Nicaragua,World,Latin America and the Caribbean,Latin America and the Caribbean,Latin America and the Caribbean,Central America,Latin America,NA,Middle,Lower middle,NI,558,NIC,364
the Republic of the Niger,Niger,Niger,Niger,World,Sub-Saharan Africa,Sub-Saharan Africa,Sub-Saharan Africa,NA,NA,NA,Low,NA,NE,562,NER,260
the Federal Republic of Nigeria,Nigeria,Nigeria,Nigeria,World,Sub-Saharan Africa,Sub-Saharan Africa,Sub-Saharan Africa,NA,NA,NA,Middle,Lower middle,NG,566,NGA,261
the Republic of Niue,Niue,Niue,Niue,World,Oceania,Pacific,East Asia and the Pacific,NA,NA,NA,NA,NA,NU,570,NIU,856
the Kingdom of Norway,Norway,Norway,Norway,World,Europe and Northern America,Europe and Northern America,North America and Western Europe,Europe,Europe,NA,High,NA,NO,578,NOR,NA
the Sultanate of Oman,Oman,Oman,Oman,World,Northern Africa and Western Asia,Northern Africa and Western Asia,Arab States,Western Asia,Western Asia,NA,High,NA,OM,512,OMN,NA
the Islamic Republic of Pakistan,Pakistan,Pakistan,Pakistan,World,Central and Southern Asia,Southern Asia,South and West Asia,Southern Asia,NA,NA,Middle,Lower middle,PK,586,PAK,665
the Republic of Palau,Palau,Palau,Palau,World,Oceania,Pacific,East Asia and the Pacific,NA,NA,NA,High,NA,PW,585,PLW,861
Palestine,Palestine,Palestine,Palestine,World,Northern Africa and Western Asia,Northern Africa and Western Asia,Arab States,Western Asia,Western Asia,NA,Middle,Lower middle,PS,275,PSE,550
the Republic of Panama,Panama,Panama,Panama,World,Latin America and the Caribbean,Latin America and the Caribbean,Latin America and the Caribbean,Central America,Latin America,NA,High,NA,PA,591,PAN,366
Papua New Guinea,Papua New Guinea,Papua N. Guinea,Papua New Guinea,World,Oceania,Pacific,East Asia and the Pacific,NA,NA,NA,Middle,Lower middle,PG,598,PNG,862
the Republic of Paraguay,Paraguay,Paraguay,Paraguay,World,Latin America and the Caribbean,Latin America and the Caribbean,Latin America and the Caribbean,South America,Latin America,NA,Middle,Upper middle,PY,600,PRY,451
the Republic of Peru,Peru,Peru,Peru,World,Latin America and the Caribbean,Latin America and the Caribbean,Latin America and the Caribbean,South America,Latin America,NA,Middle,Upper middle,PE,604,PER,454
the Republic of the Philippines,the Philippines,Philippines,Philippines,World,Eastern and South-eastern Asia,Eastern and South-eastern Asia,East Asia and the Pacific,South-eastern Asia,South-eastern Asia,NA,Middle,Lower middle,PH,608,PHL,755
the Republic of Poland,Poland,Poland,Poland,World,Europe and Northern America,Europe and Northern America,Central and Eastern Europe,Europe,Europe,NA,High,NA,PL,616,POL,NA
the Portuguese Republic,Portugal,Portugal,Portugal,World,Europe and Northern America,Europe and Northern America,North America and Western Europe,Europe,Europe,NA,High,NA,PT,620,PRT,NA
the State of Qatar,Qatar,Qatar,Qatar,World,Northern Africa and Western Asia,Northern Africa and Western Asia,Arab States,Western Asia,Western Asia,NA,High,NA,QA,634,QAT,NA
the Republic of Korea,the Republic of Korea,Rep. of Korea,Republic of Korea,World,Eastern and South-eastern Asia,Eastern and South-eastern Asia,East Asia and the Pacific,Eastern Asia,Eastern Asia,NA,High,NA,KR,410,KOR,NA
the Republic of Moldova,the Republic of Moldova,Rep. Moldova (or R. Moldova),Republic of Moldova,World,Europe and Northern America,Europe and Northern America,Central and Eastern Europe,Europe,Europe,NA,Middle,Lower middle,MD,498,MDA,93
Romania,Romania,Romania,Romania,World,Europe and Northern America,Europe and Northern America,Central and Eastern Europe,Europe,Europe,NA,Middle,Upper middle,RO,642,ROU,NA
Russian Federation,the Russian Federation,Russian Fed.,Russian Federation,World,Europe and Northern America,Europe and Northern America,Central and Eastern Europe,Europe,Europe,NA,Middle,Upper middle,RU,643,RUS,NA
the Rwandese Republic,Rwanda,Rwanda,Rwanda,World,Sub-Saharan Africa,Sub-Saharan Africa,Sub-Saharan Africa,NA,NA,NA,Low,NA,RW,646,RWA,266
Saint Kitts and Nevis,Saint Kitts and Nevis,St Kitts/Nevis,Saint Kitts and Nevis,World,Latin America and the Caribbean,Latin America and the Caribbean,Latin America and the Caribbean,Caribbean,Caribbean,NA,High,NA,KN,659,KNA,NA
Saint Lucia,Saint Lucia,Saint Lucia,Saint Lucia,World,Latin America and the Caribbean,Latin America and the Caribbean,Latin America and the Caribbean,Caribbean,Caribbean,NA,Middle,Upper middle,LC,662,LCA,383
Saint Martin,Saint Martin,Saint Martin,Saint Martin,World,Latin America and the Caribbean,Latin America and the Caribbean,Latin America and the Caribbean,Caribbean,Caribbean,NA,High,NA,MF,663,MAF,NA
Saint Vincent and the Grenadines,Saint Vincent and the Grenadines,St Vincent/Grenad.,Saint Vincent/Grenadines,World,Latin America and the Caribbean,Latin America and the Caribbean,Latin America and the Caribbean,Caribbean,Caribbean,NA,Middle,Upper middle,VC,670,VCT,384
the Independent State of Samoa,Samoa,Samoa,Samoa,World,Oceania,Pacific,East Asia and the Pacific,NA,NA,NA,Middle,Upper middle,WS,882,WSM,880
the Republic of San Marino,San Marino,San Marino,San Marino,World,Europe and Northern America,Europe and Northern America,North America and Western Europe,Europe,Europe,NA,High,NA,SM,674,SMR,NA
the Democratic Republic of Sao Tome and Principe,Sao Tome and Principe,S. Tome/Principe,Sao Tome and Principe,World,Sub-Saharan Africa,Sub-Saharan Africa,Sub-Saharan Africa,NA,NA,NA,Middle,Lower middle,ST,678,STP,268
the Kingdom of Saudi Arabia,Saudi Arabia,Saudi Arabia,Saudi Arabia,World,Northern Africa and Western Asia,Northern Africa and Western Asia,Arab States,Western Asia,Western Asia,NA,High,NA,SA,682,SAU,NA
the Republic of Senegal,Senegal,Senegal,Senegal,World,Sub-Saharan Africa,Sub-Saharan Africa,Sub-Saharan Africa,NA,NA,NA,Middle,Lower middle,SN,686,SEN,269
the Republic of Serbia,Serbia,Serbia,Serbia,World,Europe and Northern America,Europe and Northern America,Central and Eastern Europe,Europe,Europe,NA,Middle,Upper middle,RS,688,SRB,63
the Republic of Seychelles,Seychelles,Seychelles,Seychelles,World,Sub-Saharan Africa,Sub-Saharan Africa,Sub-Saharan Africa,NA,NA,NA,High,NA,SC,690,SYC,270
the Republic of Sierra Leone,Sierra Leone,Sierra Leone,Sierra Leone,World,Sub-Saharan Africa,Sub-Saharan Africa,Sub-Saharan Africa,NA,NA,NA,Low,NA,SL,694,SLE,272
the Republic of Singapore,Singapore,Singapore,Singapore,World,Eastern and South-eastern Asia,Eastern and South-eastern Asia,East Asia and the Pacific,South-eastern Asia,South-eastern Asia,NA,High,NA,SG,702,SGP,NA
Sint Maarten,Sint Maarten,Sint Maarten,Sint Maarten,World,Latin America and the Caribbean,Latin America and the Caribbean,Latin America and the Caribbean,Caribbean,Caribbean,NA,High,NA,SX,534,SXM,NA
the Slovak Republic,Slovakia,Slovakia,Slovakia,World,Europe and Northern America,Europe and Northern America,Central and Eastern Europe,Europe,Europe,NA,High,NA,SK,703,SVK,NA
the Republic of Slovenia,Slovenia,Slovenia,Slovenia,World,Europe and Northern America,Europe and Northern America,Central and Eastern Europe,Europe,Europe,NA,High,NA,SI,705,SVN,NA
Solomon Islands,Solomon Islands,Solomon Is,Solomon Is,World,Oceania,Pacific,East Asia and the Pacific,NA,NA,NA,Middle,Lower middle,SB,90,SLB,866
the Somali Democratic Republic,Somalia,Somalia,Somalia,World,Sub-Saharan Africa,Sub-Saharan Africa,Sub-Saharan Africa,NA,NA,NA,Low,NA,SO,706,SOM,273
the Republic of South Africa,South Africa,South Africa,South Africa,World,Sub-Saharan Africa,Sub-Saharan Africa,Sub-Saharan Africa,NA,NA,NA,Middle,Upper middle,ZA,710,ZAF,218
the Republic of South Sudan,South Sudan,South Sudan,South Sudan,World,Sub-Saharan Africa,Sub-Saharan Africa,Sub-Saharan Africa,NA,NA,NA,Low,NA,SS,728,SSD,279
the Kingdom of Spain,Spain,Spain,Spain,World,Europe and Northern America,Europe and Northern America,North America and Western Europe,Europe,Europe,NA,High,NA,ES,724,ESP,NA
the Democratic Socialist Republic of Sri Lanka,Sri Lanka,Sri Lanka,Sri Lanka,World,Central and Southern Asia,Southern Asia,South and West Asia,Southern Asia,NA,NA,Middle,Upper middle,LK,144,LKA,640
the Republic of the Sudan,Sudan,Sudan,Sudan,World,Northern Africa and Western Asia,Northern Africa and Western Asia,Arab States,Northern Africa,Northern Africa,NA,Middle,Lower middle,SD,729,SDN,278
the Republic of Suriname,Suriname,Suriname,Suriname,World,Latin America and the Caribbean,Latin America and the Caribbean,Latin America and the Caribbean,Caribbean,Latin America,NA,Middle,Upper middle,SR,740,SUR,457
the Kingdom of Sweden,Sweden,Sweden,Sweden,World,Europe and Northern America,Europe and Northern America,North America and Western Europe,Europe,Europe,NA,High,NA,SE,752,SWE,NA
the Swiss Confederation,Switzerland,Switzerland,Switzerland,World,Europe and Northern America,Europe and Northern America,North America and Western Europe,Europe,Europe,NA,High,NA,CH,756,CHE,NA
the Syrian Arab Republic,the Syrian Arab Republic,Syrian A. R.,Syrian Arab Republic,World,Northern Africa and Western Asia,Northern Africa and Western Asia,Arab States,Western Asia,Western Asia,NA,Low,NA,SY,760,SYR,573
the Republic of Tajikistan,Tajikistan,Tajikistan,Tajikistan,World,Central and Southern Asia,Caucasus and Central Asia,Central Asia,Central Asia,NA,NA,Low,NA,TJ,762,TJK,615
Republic of North Macedonia,North Macedonia,North Macedonia,North Macedonia,World,Europe and Northern America,Europe and Northern America,Central and Eastern Europe,Europe,Europe,NA,Middle,Upper middle,MK,807,MKD,66
the Kingdom of Thailand,Thailand,Thailand,Thailand,World,Eastern and South-eastern Asia,Eastern and South-eastern Asia,East Asia and the Pacific,South-eastern Asia,South-eastern Asia,NA,Middle,Upper middle,TH,764,THA,764
the Democratic Republic of Timor-Leste,Timor-Leste,Timor-Leste,Timor-Leste,World,Eastern and South-eastern Asia,Eastern and South-eastern Asia,East Asia and the Pacific,South-eastern Asia,South-eastern Asia,NA,Middle,Lower middle,TL,626,TLS,765
the Togolese Republic,Togo,Togo,Togo,World,Sub-Saharan Africa,Sub-Saharan Africa,Sub-Saharan Africa,NA,NA,NA,Low,NA,TG,768,TGO,283
Tokelau,Tokelau,Tokelau,Tokelau,World,Oceania,Pacific,East Asia and the Pacific,NA,NA,NA,NA,NA,TK,772,TKL,868
the Kingdom of Tonga,Tonga,Tonga,Tonga,World,Oceania,Pacific,East Asia and the Pacific,NA,NA,NA,Middle,Upper middle,TO,776,TON,870
the Republic of Trinidad and Tobago,Trinidad and Tobago,Trinidad/Tobago,Trinidad and Tobago,World,Latin America and the Caribbean,Latin America and the Caribbean,Latin America and the Caribbean,Caribbean,Caribbean,NA,High,NA,TT,780,TTO,NA
the Republic of Tunisia,Tunisia,Tunisia,Tunisia,World,Northern Africa and Western Asia,Northern Africa and Western Asia,Arab States,Northern Africa,Northern Africa,NA,Middle,Lower middle,TN,788,TUN,139
the Republic of Turkey,Turkey,Turkey,Turkey,World,Northern Africa and Western Asia,Northern Africa and Western Asia,Central and Eastern Europe,Western Asia,Western Asia,NA,Middle,Upper middle,TR,792,TUR,55
Turkmenistan,Turkmenistan,Turkmenistan,Turkmenistan,World,Central and Southern Asia,Caucasus and Central Asia,Central Asia,Central Asia,NA,NA,Middle,Upper middle,TM,795,TKM,616
Turks and Caicos Islands,Turks and Caicos Islands,Turks/Caicos Is,Turks and Caicos Islands,World,Latin America and the Caribbean,Latin America and the Caribbean,Latin America and the Caribbean,Caribbean,Caribbean,NA,High,NA,TC,796,TCA,NA
Tuvalu,Tuvalu,Tuvalu,Tuvalu,World,Oceania,Pacific,East Asia and the Pacific,NA,NA,NA,Middle,Upper middle,TV,798,TUV,872
the Republic of Uganda,Uganda,Uganda,Uganda,World,Sub-Saharan Africa,Sub-Saharan Africa,Sub-Saharan Africa,NA,NA,NA,Low,NA,UG,800,UGA,285
Ukraine,Ukraine,Ukraine,Ukraine,World,Europe and Northern America,Europe and Northern America,Central and Eastern Europe,Europe,Europe,NA,Middle,Lower middle,UA,804,UKR,85
United Arab Emirates,the United Arab Emirates,U. A. Emirates,United Arab Emirates,World,Northern Africa and Western Asia,Northern Africa and Western Asia,Arab States,Western Asia,Western Asia,NA,High,NA,AE,784,ARE,NA
the United Kingdom of Great Britain and Northern Ireland,the United Kingdom,United Kingdom,United Kingdom,World,Europe and Northern America,Europe and Northern America,North America and Western Europe,Europe,Europe,NA,High,NA,GB,826,GBR,NA
the United Republic of Tanzania,the United Republic of Tanzania,U. R. Tanzania,United Republic of Tanzania,World,Sub-Saharan Africa,Sub-Saharan Africa,Sub-Saharan Africa,NA,NA,NA,Low,NA,TZ,834,TZA,282
the United States of America,the United States,United States,United States,World,Europe and Northern America,Europe and Northern America,North America and Western Europe,Northern America,Northern America,NA,High,NA,US,840,USA,NA
the Eastern Republic of Uruguay,Uruguay,Uruguay,Uruguay,World,Latin America and the Caribbean,Latin America and the Caribbean,Latin America and the Caribbean,South America,Latin America,NA,High,NA,UY,858,URY,460
the Republic of Uzbekistan,Uzbekistan,Uzbekistan,Uzbekistan,World,Central and Southern Asia,Caucasus and Central Asia,Central Asia,Central Asia,NA,NA,Middle,Lower middle,UZ,860,UZB,617
the Republic of Vanuatu,Vanuatu,Vanuatu,Vanuatu,World,Oceania,Pacific,East Asia and the Pacific,NA,NA,NA,Middle,Lower middle,VU,548,VUT,854
the Bolivarian Republic of Venezuela,the Bolivarian Republic of Venezuela,"Venezuela, B. R.","Venezuela, B. R.",World,Latin America and the Caribbean,Latin America and the Caribbean,Latin America and the Caribbean,South America,Latin America,NA,Middle,Upper middle,VE,862,VEN,463
the Socialist Republic of Viet Nam,Viet Nam,Viet Nam,Viet Nam,World,Eastern and South-eastern Asia,Eastern and South-eastern Asia,East Asia and the Pacific,South-eastern Asia,South-eastern Asia,NA,Middle,Lower middle,VN,704,VNM,769
the Republic of Yemen,Yemen,Yemen,Yemen,World,Northern Africa and Western Asia,Northern Africa and Western Asia,Arab States,Western Asia,Western Asia,NA,Low,NA,YE,887,YEM,580
the Republic of Zambia,Zambia,Zambia,Zambia,World,Sub-Saharan Africa,Sub-Saharan Africa,Sub-Saharan Africa,NA,NA,NA,Middle,Lower middle,ZM,894,ZMB,288
the Republic of Zimbabwe,Zimbabwe,Zimbabwe ,Zimbabwe ,World,Sub-Saharan Africa,Sub-Saharan Africa,Sub-Saharan Africa,NA,NA,NA,Middle,Lower middle,ZW,716,ZWE,265